GivenName,Surname
Mary,Pate
William,Johnson
Willie,Henderson
David,Douglas
Erick,Hampton
Heather,Morris
David,Vickers
Ernest,Craig
Jane,McGee
Modesta,Johnson
Billie,Curtis
Nathaniel,Rodriguez
Michael,Wheeler
Doris,Schatz
Carlos,Frias
Jeffrey,Read
Jose,Smith
Ray,Bennett
Alice,Testa
Terry,White
Barbara,Brennan
Micheal,Spain
Robert,Orourke
Olivia,Pastor
Tonya,Barr
Antoine,Hosier
Larry,Jackson
Matthew,Burkhart
Ernest,Bradshaw
David,Smith
Lillian,Hood
Jeffery,Carrillo
Karen,Johns
Paul,Mullings
Linda,Miller
Ruth,Franks
Sonya,Swiney
Timothy,Hernandez
Ella,King
Thomas,Austin
Daniel,Wilson
David,Crutchfield
Patricia,Pixley
Joseph,Corpuz
Monica,Thompson
Laurence,Harrington
Shawn,Burkhart
Frank,Dunn
Jonathan,Weaver
Tanya,Hale
Carrie,Groth
Sara,Robinson
Luther,Anderson
Rebecca,Moses
Jamie,Spells
Billy,Bruce
Gregory,Whittingham
Guy,Strout
James,Benton
Paul,Daniels
Artie,Creamer
Mary,Skiles
Robin,Lewis
Sandee,Jackson
Mildred,Harris
Steven,Barlow
Jeanette,Stafford
Fred,Freese
Andria,Dowling
Charles,Cecil
Nicholas,Fleetwood
Marilyn,Gentry
Marianne,Medina
Margarito,Booth
Mario,Turner
Ha,Harman
Milton,Lewis
Leo,Overbey
Peter,Jackson
Felipe,Brundidge
Jessie,Davis
Grace,Shipp
Gretchen,Drummond
Shanon,Clark
Victoria,Hays
Abraham,Herron
Javier,McAdoo
Javier,Munoz
David,Alex
Fernando,Davis
William,Arbogast
Joe,Ramey
Angel,Armor
Harry,Hutson
Helen,Weinberger
Adrian,Shahan
Kyle,Watson
Harry,Mayes
Vincent,Barker
Katrina,Horning
Octavia,Watson
Kelly,Wallin
Lizzie,Rule
Irma,Wright
Gerald,Dunning
Jason,Taylor
Mary,Martinez
John,Adams
Connie,Cunningham
Daniel,Pearson
Christina,Laufer
Brenda,Perez
Walter,Ackerman
Angela,Gehlert
James,Cooper
Danny,Hawkins
Chris,Barker
Jeffrey,Kissner
Jeremy,Madison
Jeanette,Knight
Erick,Donahue
Stella,Lugo
Alisa,Sisto
Walter,Morton
Nelida,Shannon
Paula,Keck
Roy,Moseley
Brad,Holcomb
Wanda,Woodring
Carol,Cournoyer
Breanna,Beauchesne
Shirl,Weiss
Jessie,Claborn
Charles,Sweet
John,Divers
Harry,Williams
David,Borrelli
Henry,Braun
Frank,Woods
Bryan,Seawell
Ladonna,Palmieri
Jennifer,Lynn
Alvin,Johnson
Frances,Rosa
John,Edwards
Eric,Waller
Amber,Dudley
Cheryl,Sanchez
Magdalena,Fults
Lisa,Lim
Daniela,Lloyd
Elvira,Smith
Arnold,Herren
Maria,Lawson
Lyman,Carpenter
Christopher,Golden
Ethel,Howard
Heidi,Daniels
Randall,Bullard
Stacey,Barrett
Cecil,Villa
Mae,Andrews
Lee,Lewis
Michael,Kendall
David,Tyree
Patricia,Fritts
Billy,Perez
Rose,Ramirez
Albert,Oceguera
Katie,Field
Renee,Sims
Rosella,Snyder
Christine,Angeles
David,Frazier
Jennifer,Baptiste
Joseph,Williams
Jerry,Varney
Autumn,Goss
Matthew,Wise
Frederick,Adams
John,Burbach
Lisa,Adame
James,Torres
Scott,Floyd
Tami,Ponds
Margery,Pope
Joseph,Oyler
Helen,Williams
William,Romanowski
Linda,Edwards
Martin,Grant
Lisa,Powell
Ruby,Humphries
Marcia,Johnson
Ellen,Stuckey
Kevin,Nelson
Ed,Lawrence
Joseph,Hernandez
Lizbeth,Johnson
Terry,Baggs
Jill,Schwanke
Steven,Butler
Debra,Barnette
Helen,Crigler
Karen,Huff
Louise,Dawson
Lester,Baker
Jesse,Talbert
Barbara,Pascua
Dona,Davenport
Thomas,Ochoa
Jesse,Olinger
Michael,Farr
John,Wilson
Thomas,Larosa
Lois,Robbins
Mary,Jessup
Gloria,Williams
Lucille,Cameron
Hannah,Redford
Jonathan,Falzone
Amber,Alfaro
Jeremy,Ostrander
Jane,Difranco
Mary,English
Tonya,Lupton
Barbara,Mora
Robert,Wallace
Joan,McCoy
Denny,Cho
Loretta,Bowen
Benjamin,Lang
Janice,Ardoin
Ruth,Kendig
Bernice,Darden
James,Boughner
Peter,Sanchez
Billy,Roberts
Cynthia,Jimerson
Sanford,Brown
Jennifer,Lopez
Mike,Mertens
Mayra,Fagan
John,Jalbert
Walter,Godines
Anne,Martz
Gayle,Callahan
Steven,Schultz
Wesley,Kim
Nancy,Gorham
Robert,Geter
Michelle,Sullivan
Norman,Caban
Ann,Jordan
Donald,Henderson
Virginia,Sanchez
Beverly,Petersen
Bernard,Paulsen
Janet,Huey
Melynda,Woods
Roland,Lewis
Mike,Sloan
Steve,Wells
Robert,Perkins
Russel,Barker
Christopher,Haldeman
Roberta,Miller
Chester,Kendall
Dolores,Patterson
Gloria,McCoy
Leslie,Patton
Lori,Rhee
Ariel,Wells
Kim,Egan
John,Kolb
Jerome,Freeman
Jeremy,Cotton
John,Guevara
Frank,Wren
Mary,Collins
Willis,Deleon
Roy,Carver
Steven,Bock
Matthew,Hopson
Christina,Palmer
Anthony,Hamil
Tonya,Lynch
Brett,Atkins
Scott,Warren
Alfred,Welch
Richard,Luther
Mary,Agnew
Gladys,Butler
Cathy,Hampton
Andrew,Spooner
Derrick,Miller
Glen,Bell
Gerald,Robinson
Paul,Bush
Cynthia,Trujillo
Dana,Hosier
Vanessa,Green
Emma,Nelson
Madeline,Wood
Roman,Tinoco
Dennis,Ellefson
Sue,Zeller
Samantha,Erler
Marsha,Read
Benjamin,Hudgens
Mitchell,Blackmon
Felix,Harvey
Sara,Rice
Robert,Jackson
Keenan,Moore
Larry,Anderson
Sandra,Head
Katherine,Upton
Andrew,Keil
Diane,Conklin
Karen,Ross
Margaret,Price
William,Davis
Jorge,Leachman
Mirna,Bloomer
Michael,English
Jerry,Hutchison
Sharon,Jones
Juliet,Washington
Cindy,Duprey
Joseph,Robinson
Enrique,Martinez
Rikki,Ivey
Jason,Kolar
Rose,Henderson
Julius,Gulley
Paul,Johnson
Laura,Scott
Helena,Cintron
Jason,Nilles
Jeff,Hill
Andrew,Ingram
Constance,Teague
Jean,Wright
Glenda,Nicastro
Theodore,Anthony
Elizabeth,Walker
Mona,McAbee
Roland,Brown
Joni,Manns
Betty,Allen
Mike,Harmon
Dennis,Overton
Larry,Gartner
Ralph,Sewell
Beth,Jones
Brandon,Orr
Rachelle,Gil
James,Rankin
Kyle,Jones
Jose,Hickman
Marlene,Luz
Tammy,McKinney
Alberta,Cousins
Justin,Palacios
Carla,Edelman
James,Arthur
Alisha,Bosse
Robert,Drake
Corina,Ducharme
Mark,Grimm
Geraldine,Irick
Frank,Swift
Dawn,Bowlin
Michael,Hoskins
Michael,Robison
Louise,Hatfield
Pearl,Caron
Donald,Mullins
Frank,Cottingham
John,Jackson
Lisa,Sinquefield
Mary,Jackson
Jessica,Donahue
Adam,Trotter
Mike,Wynn
Mark,Wolff
Juanita,Alexander
Dianne,Crawford
Ava,Burkart
Orville,McKee
Orville,Ayres
Shana,Gallagher
Lucy,Gant
James,Brown
Irene,Tibbs
Rose,Keys
Brian,Shoemake
Ila,Miller
Marian,Dunn
Ethel,Cargill
Tammy,Huffman
Sammie,McGhee
Suzanne,Middleton
Gregory,Scott
Heather,Frith
Tracie,Culver
Rusty,Bailey
Anna,Gardner
Ava,Esposito
Keith,Lincoln
Russell,Acton
Cathy,Norman
Travis,Platt
Katherine,Hayter
Thomas,Connor
Roy,Tang
Alan,Pulido
Tiana,Newton
Darlene,McNeal
Helen,Bowers
Ivan,Brake
Marilyn,Westbrook
William,Evans
Bob,Cotter
Marilyn,Benton
Nolan,Stewart
Peter,Arnold
Milton,McDonald
Robert,Rondeau
Ralph,Diaz
Willie,Heist
George,Tokarz
Gilbert,Montano
Rebecca,Weathers
Kelly,Koeller
Bill,Stalvey
Joey,Mole
James,Williams
Armando,Potter
Michael,Ramirez
Cheri,McCauley
Sharon,Miller
Gary,Reynolds
Bryan,Bergmann
Ernest,McKenna
Daniel,Spaulding
Jeffrey,Schoch
Leona,Thompson
James,Smith
Thomas,Gonzalez
Jan,Jones
Lloyd,Hodapp
Cassandra,Templeton
Dannette,Cordes
Walter,Knutson
Anita,Sievert
Trina,Monson
Richard,Rodriquez
Edwin,Allen
Kathy,Frazier
Gary,Kenney
Lance,Emerson
Raymond,Ferguson
Charles,Luster
Brian,Kelly
Tara,Caples
Wayne,Biron
Rupert,Jackson
Paul,Pena
Ross,Barton
Faye,Thompson
Barbara,Harrison
Elizabeth,Hitt
Lisa,Wills
Vicki,Oliver
Fern,Downes
Thomas,Swift
Marvin,Stephens
Bob,Phillips
John,McElhaney
Cynthia,Ramos
Michael,Corning
Alice,Johnson
Octavio,Plascencia
Vernon,Turney
Annie,Johnson
Babara,Larose
Frank,Dennis
Andrew,Maravilla
Hermila,Landry
Pauline,Dingess
Vincenza,Gross
Maurice,Fuller
Robert,Judy
Georgiana,Doran
Logan,Jones
Michael,Kenney
Andrea,Toscano
Terry,Smalls
Garry,Thompson
Timothy,Reid
William,Clifton
James,Hancock
Maria,Gill
John,Herrington
Sue,Phillips
Michele,Barrera
Jill,Lakey
Inez,Tan
Wanda,Verdin
Jose,Wallace
Christopher,Fowler
Margaret,Bell
Helene,Mesta
Lea,Washington
Vida,Dietz
Charles,Perry
Gene,Bednar
Ellen,Adkins
Walter,Thibodeau
Trenton,Montgomery
Margaret,Peirce
John,Stout
Daniel,Forney
Louis,Fowler
Helen,Stewart
Thomas,Dorman
Caitlyn,Linton
Marilyn,Nolan
Seth,Henry
Jonathan,Quinn
Jessica,Wilson
Julia,Jones
Fredrick,Jennings
Alvin,Brier
Timothy,Wood
Amy,Taylor
Richard,Mobley
Anthony,Ferguson
Larry,Perez
Kelli,Nelson
Melvin,Burns
Robert,Long
Cesar,Phillips
Francis,Leath
Adrian,Roper
Brian,Rocha
Lindsay,Strickland
William,Fitzgerald
Anita,Walker
Frances,Parker
Jennie,Thompson
Anthony,Rust
Diane,Duong
Mark,Reimer
Paul,Bishop
Marvin,Catchings
Ronald,Patten
Eleanor,Martin
Wayne,Busby
Henry,Beecham
Arthur,Wayne
Fred,England
Jean,Rohde
Martha,Bolger
Sarah,Saldivar
Barry,Adams
Sandra,Robinson
Faye,Peng
Kenneth,Dejesus
Emma,Dunn
Preston,Garcia
Raymond,Bradley
Randall,Franklin
Rose,Monday
Helen,Gatling
Ella,Schramm
Matthew,Smith
Christopher,Bourland
Tamara,Taylor
Willena,Moody
Walter,Simpkins
Heather,Yard
Jeffery,Fournier
Daniel,Lewis
Juan,Nelson
Donald,Decker
Richard,Darst
Jesse,Garcia
Geraldine,Harder
Yolande,Gayle
Leo,Bryan
Joyce,Reyes
Ted,Leibowitz
Louis,Wear
Diana,Porter
David,Garica
Annie,Bonilla
Jeanna,Perez
Mabel,Anderson
Robert,Morrow
Chelsea,Maloney
Rafael,Simcox
Lottie,Zalewski
Nancy,Pena
James,Benson
Seth,Garrison
Grace,Blair
Colleen,Bailey
Kimberly,Hunt
Teri,Golden
Lydia,Tinsley
Margaret,Galvan
Mildred,Scott
Kelly,Lash
Larry,Ramsey
Martha,McMahon
Azucena,Monroe
Eva,Tom
Tim,Perrone
Andres,Montes
Jennifer,Maldonado
Kenneth,Turner
Mary,Way
Ronald,Garza
Andrea,Carroll
Edward,Cameron
Amanda,Beebe
Beverly,Lopez
Mathew,Griffin
Elia,Cahill
Jeff,Collier
Manuel,Garcia
Joseph,Fisher
Ernest,Ward
Brenna,Yoder
Kelvin,Riddle
April,Miller
Kent,Pack
Pamella,McCormick
Ann,Arndt
John,Saylor
Nelson,Westbrook
John,Daniels
Linda,Page
Barbara,Hammond
Manuel,Sanchez
Claude,Barber
Stacie,Frei
Kenneth,Chick
William,Murphy
Alice,Smith
Celia,Damiano
Valerie,Gilbert
Martin,Avery
Sondra,Watson
Jolene,Casey
Jan,Weinberg
Suzanne,Kelly
Nancy,McGee
Anita,Hord
Aaron,Kilgore
Richard,Cain
Shannon,Spencer
Vina,Hager
Gerald,Nelson
Steve,Harper
Mary,Camacho
Wesley,Desilva
Sara,Higgins
Domenica,Reeder
Laura,Dean
Deborah,Montgomery
Cortez,Errico
Nina,Boyce
Herbert,Ulrich
Brenda,Davis
Sean,Fluker
Bobbie,Dye
Alec,Mathieson
Michael,Baccus
Errol,Jakubowski
Nancy,Furlong
Mara,Saldana
Melanie,Rohn
Angela,Parsons
Donald,Dingess
Dwight,Bell
James,Dunlop
Andrew,Evangelista
Christopher,Moseley
Lena,Kaufman
Jason,Caples
Roy,Snyder
Magdalena,Kelly
Terry,Sample
Juana,McGuire
Stanley,Emmons
Eugene,Proctor
Julie,Cali
Jean,Bradley
Connie,Nunley
Rodney,Dobbins
Mary,Lopez
Glenna,Savoy
Donna,Pauling
Paul,Walker
Deanna,Delgado
Ann,Williamson
Charles,Baker
Earle,Smith
Janet,Roberts
Steven,Davidson
Elizabeth,Colbert
Jordan,Mucha
Megan,Lowe
Gary,Washington
Stephanie,Clark
Mary,Maguire
Lynn,Woods
Andy,Byrd
William,Almonte
Rose,Stevenson
Anna,Hann
Rachel,Thomas
Ronald,Purington
Cindy,Caprio
Burton,Daugherty
Steven,Arnold
Dona,Strickland
William,Lucio
Sandra,Jones
Francesca,Brown
Addie,Hayes
Donald,Mee
Trisha,Gale
Kevin,Norred
Betty,Pompa
Mary,Doe
Carlos,Green
Veronica,Mims
David,Gamboa
David,Friese
Albert,Graff
Della,Seymore
Joseph,Durant
Lester,Pete
Renee,Lanctot
Pasquale,Bianco
Richard,Taylor
Alejandro,Harrison
John,Huber
Laura,Edwards
Edward,Bender
Steven,Ralston
Mary,Walker
David,Duggan
Edward,Charon
Tara,Hardy
James,Kelly
Julius,Mungia
Kelly,Holbrook
Stephen,Castillo
Mary,Gatlin
Anna,Parker
Marlene,Hayward
James,Miller
Dana,Ross
Mark,Gandy
Milton,Lenard
Clarence,Miller
Ila,McCoy
Shanna,Barnett
Brigitte,Flores
Gary,Christiansen
Rodolfo,Farmer
Molly,Williams
Amber,Kyle
Fred,Witkowski
James,Parker
Dennis,Torres
Lois,Christopher
Myrna,Fraley
Leroy,Hall
Lucy,Schroeder
Gloria,Gomez
William,Murphy
Gloria,Gallagher
Peter,Duffy
Amy,Manning
Lana,Williams
David,Wharton
Lois,Curtis
Patricia,Romano
Edgar,Daly
Frederick,Carson
Joseph,Collier
Margarita,Bautista
Marlon,Duncan
Debbi,Browning
Shaun,Horton
Andrea,Hynes
James,Smith
Jose,Chilton
Mary,Miller
Jon,Wilson
Robert,Zimmer
Cherie,Allen
Ruth,Jones
Wade,Creekmore
Joseph,Redden
Xavier,Lucius
Clara,Stroup
Bridget,Cowans
Lesa,Akins
Charles,Beckner
Andrew,Bogle
Robert,Sutton
Gerald,Acevedo
Julie,Horwitz
Joseph,Billy
Robert,Jones
Tommy,Ibanez
Libbie,Brown
Benjamin,Shapiro
Silvia,Beckman
Joshua,Smith
John,Hall
Maria,Ross
Irene,Berry
Ryan,Byrnes
Ramon,Bloomberg
William,King
Nicholas,Olsen
Amanda,Reyes
Janina,Garcia
Tania,Harris
Lourdes,Chitwood
John,Smiley
Amanda,Daniel
Erica,Beasley
Ruby,Spiers
Florence,Barnes
Gary,Morgan
Sonja,Myers
Dolores,Thach
Jay,Martin
Sandra,Farrelly
James,White
Mary,Neeley
Carolyn,Oconnell
Vicki,Harrington
David,Basel
Barbara,Wallace
Irving,Carter
Gary,Larson
Anita,Monday
Rick,Thomas
Jeannette,Ruder
Patrick,Garrett
Nora,Slattery
Donna,Burke
David,Walker
Matthew,Greiner
Juanita,Little
Matthew,Tomlinson
Brandi,Ramos
Charles,Craven
Alma,Cuneo
Rebecca,Ngo
Tracy,Conley
Cynthia,Walsh
Travis,Waters
Eric,Campbell
Lindsay,Marks
Christina,Brown
Betty,Compton
Daniel,Williamson
Kerri,Boyd
William,Brock
Michael,Martin
Ethan,Hecker
Sally,Bailey
Scott,Priest
Irma,McGee
Regina,Mayes
Timothy,Seay
Lindsey,Ebert
Melissa,Rood
Willard,Castillo
Fern,Roseberry
Richard,Morales
Angela,Fitzmaurice
Richard,Butler
Gregory,Wright
Anthony,Hansley
Rudy,Quinlan
Gina,Paredes
Garry,Crosby
Ramon,Scott
Robert,Green
Mable,Pinkerton
Lissa,Barnes
Kay,Lee
April,Medley
Alfredo,Babcock
Bryan,Burkett
Timothy,Carroll
Karen,Webb
Dusty,Kunz
Anne,Langford
Phuong,Hamilton
Angella,Renner
David,Bergstrom
Laura,Pride
Dennis,Brumfield
James,Doherty
Morgan,Word
Troy,Graham
Mildred,Rivera
Terry,Adler
Derek,Spradley
Roger,Lewandowski
Martha,Blake
Elizabeth,Bird
Martha,Roche
Erica,Kyser
Nancy,Wood
Victor,Davies
Sara,Dennis
Joyce,McDaniel
Robert,Carr
Donna,Torres
Olimpia,Nichols
Paul,Keen
Larry,Hall
Angel,Aponte
Lorraine,Jackson
Melissa,Holifield
Tamara,Alfaro
Merilyn,Crocker
Kevin,Peachey
Clarence,Grantham
Norma,Aho
Pearl,Day
Charlotte,Mancha
Dewayne,Leake
Charles,Orlando
Robert,Sanders
Erinn,Thomas
Michael,Opp
Linda,Swann
Brian,McClintock
Michael,Owensby
Debbie,Cox
Desiree,Cisneros
Ethel,Evers
Brian,Belton
Herbert,Stevens
George,Klein
Gary,Hedman
Anthony,Ward
Charles,Carson
Mario,Garcia
Jacob,Seibold
Rosemary,Edwards
James,Rhodes
Cecil,Scott
Allen,Shafer
Janice,Yost
Opal,Greene
Christine,Shipley
Tamara,Owens
Laura,Knox
Robert,Lewis
Maria,Redden
Marlene,Blankenship
Myrtis,Hoyt
Marion,Tate
Robert,Robinson
Alison,Smith
Polly,Mortenson
Stacy,Peterson
Carol,Alford
David,James
Julia,Champion
Jake,Roberts
Bernard,Veach
Linda,Gerke
Nancy,Grimes
Michael,Messenger
Clyde,Piper
Eva,Sams
Pearl,Dietz
John,Arnold
Luis,Petterson
Jeannette,Torres
Daniel,Dempsey
Emanuel,Schuster
Richard,Taylor
Alejandra,Lapan
Cheryl,Smith
Julie,Dowdy
David,Zoller
David,Bezanson
James,Burns
Johnnie,Wilson
Peggy,Kerlin
Christopher,Schweizer
Cameron,Striplin
Frederick,Mishler
Martin,Carvalho
Patrick,Bermudez
Timothy,Larson
Brenton,Hester
Nancy,Ashton
Rose,Shores
Antonio,Whitcomb
Marguerite,Sexton
Gene,Bouton
Michele,Murillo
James,Harrison
Anthony,Rathbone
Alan,Jones
Esther,Steinberg
Anthony,Augustine
Anita,Hart
Curtis,Robertson
William,Young
Cornelius,Perez
Shirley,Davidson
Lynn,Davis
Anne,Davis
Justin,Wilson
Gertrude,Ryan
Michael,Henderson
James,Saiz
Keith,Galle
Helen,Sigala
Steven,Echevarria
Rae,Tucker
William,Schuster
Jerri,Weiss
Jeffrey,Tippett
Millie,Lynch
Tasha,Walters
Lois,Lester
Robert,McSwain
Lydia,Culbertson
Darrell,Garcia
Gene,Houchin
John,Nichols
Nancy,Satterwhite
Donna,Culbreth
Christina,Allen
Kimberly,Holbrook
George,Niemi
Robert,Smith
Rebecca,Jackson
Emma,Hunt
Maudie,Ricks
Kim,Hill
James,Mahood
Rosa,Ray
Harold,Lee
Lan,McGee
Helen,Sylvia
Patrick,Eshelman
William,Vu
Leon,Smith
Peter,Draughn
Kory,Sage
Jesus,Saez
Mary,Lashley
Paul,Douglas
Steven,Herndon
Doyle,Baumann
Mario,Penwell
Heriberto,Pulaski
Leo,Pickard
Delores,Raygoza
David,Tate
Brenda,Damico
Fred,Sanderson
Mark,McCain
Gabrielle,Joyce
Florence,Martinez
Dorothy,Williams
Scott,Rosario
Anna,Swanson
Sheila,Burgos
Brandon,Patterson
Carl,Schrader
Krystal,Crawford
Ryan,McCormick
Jeremy,Cole
Paul,Hux
James,Thompson
Richard,Morrison
Amy,Boehm
Ethel,Dukes
Leigh,Harris
Joseph,Sanders
Shawn,Hose
Pamela,McGee
Sarah,Burton
Daniel,Andersen
Joshua,Savage
Richard,Banks
Clyde,Harris
Paris,Sims
Joann,Wines
Steven,Marks
Isabel,Bidwell
Daniel,Willis
Kathleen,Thompson
Pablo,Lipscomb
Alyssa,Deluna
Jamila,Alicea
Woodrow,Humphrey
Ann,Rice
Jennifer,Elliot
Ester,Busch
Jayne,Freed
Kallie,Stouffer
Larry,Fishman
Millie,Lampe
Christina,Leith
Joseph,Harris
Margery,Lamar
Nicholas,Kennedy
Pamela,Yocum
Treva,Pagan
Darrell,Malone
Dorthy,Sims
Marcie,Eades
Samuel,Helle
Allison,King
Tamara,Torres
Jerry,Pierce
David,Bennett
Jose,Ives
Robert,Kibby
Elizabeth,Peele
Barbara,Goll
Gilbert,Mojica
Mattie,Ried
Steven,Johnson
Kevin,Waggoner
Dominic,Cole
Vicki,Jones
Susan,Wilson
Isaac,Bowles
John,Jackson
George,Klima
Kimberly,Gonzales
Michael,Vandegrift
Michael,McClain
Gloria,Martin
Karen,Ashcroft
Carolyn,Bush
Barbara,Wilbur
James,Trimble
Donald,Henkle
Betty,Bellman
Dean,Wright
Ronald,Smith
Dione,Jones
Norman,Witherspoon
Jennifer,Vega
Muoi,Crotts
Antoinette,Thomas
Helen,Weber
Harold,Loney
Antonio,Gomez
Karen,Thomas
Antonio,Alger
Dominic,Smith
Linda,Valencia
Suzette,Rodriguez
Mary,Holliday
Donald,Reyes
David,Moscato
Jason,Aguilar
Vicki,Torres
Lee,Salters
David,Laplant
Emily,Campbell
Samuel,Clawson
Bella,Marable
Amada,Van
Barbara,Snavely
Joan,Hunt
Alva,Hamilton
Dorothy,Jackson
Shawn,Wright
Cecilia,Edwards
Margaret,Stoll
Jessie,Speidel
Robert,Nixon
Miranda,Dahl
Dina,Ford
James,Shepard
Mark,Gassaway
Phyllis,Haywood
Megan,Marquis
Mary,Johnson
Alex,Hebron
Maynard,Martinez
Jacob,Jones
Francisco,Jones
Robert,Morgan
Bernice,Rose
Larry,Edge
Jennifer,Ritchie
Shawnna,Garcia
Matthew,Walker
Dean,Diaz
Frieda,Martinez
Victoria,Lewis
Michael,Sjogren
Mary,Blake
Jessie,Graham
Maria,Sirois
Lewis,Kuykendall
Stephanie,Phillips
Benjamin,Curtis
Arlene,Cavin
Robert,Carrizales
Scott,Holmes
Olive,Webb
Donnie,Lotz
Victor,Fessenden
Maria,Howe
Gustavo,Ward
Sheryl,Greer
Mary,Landis
Richard,Richardson
Leo,Niles
Gregory,Matthews
Roland,Scott
Matthew,Alexander
Robert,Mendoza
Sarah,Yates
Mary,Wilson
John,Hodson
Robert,Wilbourn
John,Palmer
Irene,Tefft
Karl,Smith
Rolland,Hernandez
Carl,Yoho
Monique,Essary
Ethel,Kirby
Donna,Parker
Ronald,Shingleton
Marie,Beall
Frances,Rodriquez
Dawn,Rasco
Milton,Jameson
Eloise,Stolp
Hilario,Tucker
Sarah,Shaw
Rosa,Davenport
Juan,West
Luke,Messerly
Zina,James
Timothy,Warren
Evangeline,Raines
Jonathan,Foulk
Irma,Romans
Jerry,Williamson
Gary,Clarke
Carolyn,Kimes
Michael,Hendrick
Stella,Levinson
Gregory,Williams
Sylvia,Miller
Jennifer,Richie
Debora,Bowman
Marcus,Gilley
Marcos,Gardner
Melissa,Noon
Alex,Chute
Alfredo,Ridder
Pablo,Griggs
Roy,Moses
Sherry,Jacobsen
Penny,Montgomery
Jerry,Wheeler
Kenneth,Beckman
Emily,Saltzman
Brandy,Harding
Dennis,Swanson
Mary,Smith
John,Finch
Michael,Mills
James,Crawford
Tim,Juarez
Rudolph,Hamilton
Margret,Koehler
Bobby,Morgan
Arthur,Goodwin
Jason,Chan
John,Cutts
Margaret,Gregg
Susan,Spears
Ronald,Danley
Cathy,Bowman
Christopher,Stevenson
Charles,McCranie
George,Craven
Alden,Corbett
Diane,Batey
Travis,Baker
Stephen,Landry
Michelle,Walls
Kenneth,Coleman
Jeremiah,McGeorge
James,Williams
Nancy,Cephas
Maria,Morrell
Rose,Brown
Gary,Zimmerman
Linda,Wall
Joanne,Walters
Luna,Harper
Francis,Jones
James,Wilkinson
Mike,Pena
Todd,Jackson
Susan,Piccirillo
Michael,Guerra
Ann,Walker
Novella,Fisher
Mark,Barraza
Christopher,Sherman
Linda,Townsend
Christopher,Smith
Timothy,Miller
Stella,Simmons
Cynthia,Fredrickson
Audrey,Dragon
Lee,Compton
Charles,Hoar
Joe,Lawson
Herman,Esposito
Gene,Luke
Kathleen,Martin
Helen,Beecher
Dorothy,Rider
Kathy,Tanner
Lisa,Melancon
Cynthia,Lee
Jonathan,Houser
Lisa,King
Evelyn,Lum
Donna,Garcia
Eulalia,Bogen
Marc,Lightner
Nikki,Rios
Gracie,Taylor
Mary,Heuer
Cynthia,Potter
Kathy,Ventura
Kathy,Campbell
John,Arroyo
Clare,Romo
John,Orozco
Charles,Atwood
Arthur,Nieto
Christian,Higgins
Charles,Roberts
Ann,Edwards
Mary,Hamilton
Justin,Coyle
Glenn,Menendez
Lisa,Daniel
Deborah,McClain
Royal,Money
Brenda,Richards
Elizabeth,Pritchett
Corey,Blankenship
Nancy,Hemby
William,Francis
Richard,Hendrix
Julia,Nelson
Denise,Mask
Deborah,Farthing
Scott,Ledbetter
Charles,Conner
Marilyn,Endres
Raymond,Brown
Neil,Bowen
Marc,Perry
Thomas,Paradis
David,Cooley
John,Barela
Brian,Cummings
Sarah,Williams
Marilyn,Glover
Michael,Ward
William,Navarrette
Andre,Alldredge
Patti,Dykstra
David,Collins
George,Noble
Nevada,Miller
Jeff,Verdin
Pamela,Harris
Nathaniel,Loveless
Frances,Anglin
Annette,Reed
Bonny,Cooper
Earnestine,Gill
Margaret,Valdez
Harold,Roberts
Daniel,Fuller
Joyce,Robinson
Roberta,Thai
Kathryn,Napolitano
Lana,Cupples
Richard,Moy
Robert,Luttrell
Brittany,Sotomayor
Edith,Vanhouten
Grant,Stewart
John,Elkin
Judith,Maroney
Vanessa,Thompson
Lynn,Kramer
Andrew,Trevino
Jamie,Frye
Samuel,Brewington
Ivory,Easter
Charlotte,Ashton
Paul,Hedrick
Pauline,Lawson
Mark,Bowers
Jo,Hamblin
Carol,Bailey
David,Terry
Robert,Hernandez
Ellen,Elzy
Tanya,Hanley
Debra,Wolfe
Debbi,Cobbs
Sarah,McDonald
Anita,Light
Robin,Rich
Dominique,Keil
Allen,Shoaf
Mark,Sluder
Sophia,Bowser
Mercedes,Forrest
Jeffrey,James
Chase,Johnson
Brandy,Marshall
Roy,Bangs
Jeri,Legere
Michael,Ferrari
Harvey,Conklin
Karen,Ung
Mercedes,Culligan
Jeanette,Henderson
Rita,Thurman
Esther,Garcia
Emily,Kaplan
Lucille,McNutt
Kerry,Morris
Jeremy,Gilbert
Linda,Cohen
Louis,Buser
Nicholas,Weimer
Kathleen,Hauck
Carolyn,Brindle
Donna,Wallace
Lourdes,Brewer
John,Lockett
Maria,Fernandez
Keith,McDonagh
Chris,Arnold
Genevieve,Ferrill
Debra,Welch
Sheila,Maldonado
Charles,Schlegel
Rhett,Irwin
Tricia,Becker
Chad,Sharp
Hugh,Houck
Ezekiel,Cilley
Lamar,McDowell
Jeffery,Lewis
William,Phillips
Hope,Lira
Virginia,Smith
James,Jefferson
Regina,Miner
Pamela,Graf
Jared,Boyd
Thelma,Burnside
Bryan,Weeks
Charles,Payne
Robert,Andrews
Albert,Velez
June,Caron
Michelle,Ridgeway
Bridget,Corral
Everett,Jones
Shawn,Taylor
Mike,Soto
Marvin,Stewart
Robert,Vargas
Derrick,Butler
Joe,Jameson
Fred,Russo
Donald,Avey
Mona,Feliciano
Laura,Hicks
Gerald,Berndt
Johnathan,Stine
Robert,Bona
Mickey,Pink
Kevin,Brown
Catherine,Denny
Jerome,Cox
Marcia,King
Angel,Payne
William,Jacobs
Jackie,Cox
Lee,Snyder
Ryan,Johnson
Janis,Jandreau
Janie,Mullane
William,Whitley
Carolyn,Johnson
Gilda,Bowser
Claudette,Sanchez
Richard,Barber
Eddie,Parr
Karen,Schultz
Kathy,Christopher
Carolyn,Sharp
Van,Sisk
Clara,Watts
Mary,Snyder
John,Waddle
Susan,Zuniga
Tara,Shipman
Stephanie,Smith
Anthony,Roach
Beatrice,Green
Richard,Smith
Brian,Schiller
Sarah,Bradley
Wendy,Hamilton
Alicia,Loomis
Steve,Ramirez
Afton,Dickenson
Kurtis,Gibson
Dana,Vanburen
Carla,Davis
Christopher,Gill
Brian,Daniels
Tammy,Kuykendall
Steven,Hall
Christopher,Weeks
Richard,Delarosa
Brandy,Bracken
Richard,Erickson
John,Servin
Joel,Medrano
Hugh,Stampley
Jeannette,Harris
Marsha,Hull
Adrian,Darden
Kenneth,Moyer
William,Oconnell
Cody,Wilson
Alexandra,Williams
Lawrence,Parra
Kevin,White
Pearl,Ayala
Virginia,Brazeal
Stacy,Moser
Charles,Dyson
Mark,Woods
Melvin,Webster
Florencio,Duncan
Marsha,Carter
Gerald,Bell
Verna,Snyder
William,Sousa
Kevin,Gardner
Bradley,Dominguez
Kristen,Staples
Javier,Schmidt
Gloria,Collins
Robert,Branham
Kelly,Holmes
Leticia,Lane
Candace,Harbour
Teresa,Jones
Edgar,Smith
Sean,Houlihan
Manuel,Griffie
Carla,Paz
Jessie,Freitag
Matthew,Sikora
Erna,Dotson
Cynthia,Oliver
Theodore,Emerick
Gail,Andrew
Jeffrey,Dube
Shonda,Diaz
Mireya,Treadaway
Zana,Ralston
Rita,Penn
Johnnie,Burk
Karen,Medina
Myrna,Lee
Nancy,Hopson
Willette,McMeans
Thelma,Sanchez
Dorothy,Lopez
Albert,Hernandez
Jamie,Waggoner
Michelle,Kowalski
Kristopher,Patterson
Armando,Espinosa
Donnie,Hellman
Jeremiah,Leigh
Samuel,Beasley
William,Mays
Mary,Horner
Maria,Moody
Kevin,Clements
Jose,Rodriguez
Steven,Fick
Rosa,Cornett
Robin,Peters
Diane,Boyd
Ethan,Bowers
Elizabeth,Stacey
Linda,Houghton
Robert,Peterson
Anne,Bogdan
Enrique,Clayton
Allen,Ford
Shirley,Melchor
Christopher,Gilbertson
Ernest,Norton
Katherine,Tyson
Lois,Lawrence
Thomas,Nottingham
Michael,Miller
Benjamin,Weston
Harold,Moore
Michael,Kimberlin
Thomas,Mote
Elizabeth,McLendon
Robert,Fraley
Neil,Michalski
Jason,Denham
Oralia,Wood
Stephanie,Perez
James,Allen
Larry,Nunn
Joel,Paul
Stephanie,Bishop
Crystal,Glover
Tiffany,Nordstrom
Georgia,Seabrooks
Robert,Schmidt
Dennis,Mitchell
Bernadette,Scotti
Eddie,Griffith
Manuel,Girardi
Edward,Thompson
Donald,Barton
Rachel,Mojica
Jason,Henson
William,Bradburn
Bonnie,Akins
Chad,Hilbert
Marjorie,Towry
Justin,Brazier
Adeline,Golden
John,McCoy
Deborah,Ladd
Rosa,Tremblay
Toni,Bordelon
Carrie,Harris
Wendell,Turner
Carlton,Goodman
Curtis,Stoltz
Grady,Beer
Robert,Bachman
Shannon,Banks
Jerry,Vargas
Francis,Smith
Jennifer,Glenn
Walter,Mahoney
Terry,Crisler
Willette,Lehman
Robert,Miller
Alfred,Staples
Cathrine,Vick
David,Shanklin
Joshua,Hiebert
William,Aguilar
Leanne,Edwards
Lynn,Gold
Marie,Ellis
Paul,Judkins
Bennie,Garland
Joseph,Henderson
Sophie,Corvin
Tonya,Smith
George,Tovar
Walter,McAllister
Keith,Hatfield
Lorraine,Brandon
Raymond,McCarthy
Sara,McKinney
Victoria,Phillips
Frank,Irizarry
Denise,Bertrand
Dale,Desilets
Bonnie,Pineda
Robin,Carnes
Lashanda,Tibbs
Cheryl,Heckler
Mitchell,Navarro
Ronald,Christenson
Karen,Jackson
Rachel,Hardy
William,Smith
Sheila,Hollingsworth
Jewel,Morris
John,Flowers
Carol,Koury
Karen,Neel
Helen,Schwartz
George,Hildebrant
Marie,Mitchell
Elvie,Keller
Harry,Mendez
Ruth,Esparza
Scott,Campbell
Julia,Hodges
Irene,Adams
Jeffrey,Walker
Guadalupe,Arreola
Vanessa,Anderson
Wilson,Clark
Joan,Salter
Josefa,Bruno
Joyce,Cave
Donald,Paquette
John,Juhl
Paulina,Prado
Serena,Kepley
Maria,Collins
Ernest,Roberts
Paul,Petrick
Travis,Sherman
Kathe,Martin
Stephen,Kinman
Donna,Cooper
Rhonda,Turner
Andrew,Seabolt
Ralph,Marcos
Marc,Silva
Crystal,Hicks
Stella,White
Mary,Stokes
Vickie,Sutton
Rosalind,Laurent
Amy,Nieves
Wanda,Massey
Barbara,Mathison
Angela,Allred
James,Hart
Lisa,Sanchez
Kelly,Serrano
Leslie,Long
Michael,Hile
Norberto,Isbell
Erin,Meza
Eric,Johnson
Warren,Williams
Tammy,Adams
Jason,Bunn
David,Washington
Brian,Hickson
Glenna,Wanner
Kimberly,Baker
Norman,Stevens
Willian,Davis
Debra,Blankenship
Larry,Halpin
Mildred,Schroeder
Randy,Combs
Helen,Swindle
Derek,Steele
Raymond,Hale
Janice,Hamilton
Joseph,Fennell
Jeffrey,Houser
Sarah,Nolen
Janet,Taylor
Donna,Hughes
Teri,Koester
Sarah,Tawney
Robert,Fern
Joseph,Clark
Amanda,Turner
Patricia,Briggs
Rhonda,Jorgensen
Jeff,Diehl
Catherine,Westley
Ervin,Ray
Duane,Shelton
Jose,Grimes
Emerson,Clark
John,Munro
Lisa,Helton
Joel,Ware
Humberto,Gregory
Margaret,Saunders
Mary,Hill
Chad,Prather
John,Green
Warren,Rome
Margaret,Roy
Pamela,Smith
John,Wilson
Delores,Carmen
Howard,Segura
Robert,Pease
Janet,Zehner
William,Valley
Ronald,Obrien
David,Peeples
Thomas,Mash
Jean,Fedler
Robin,Andersen
Michael,Bivens
Arthur,Daniels
Vicky,Bybee
Samuel,Austin
Andrew,Turner
Ma,Richmond
Walter,Grissom
Jeanne,McLeod
Ruth,Kingery
Frank,Nelson
Della,Vigil
Jose,Gamble
Constance,Mason
Walter,Moore
Lynn,Anderson
Yvonne,Kohn
Jason,Ford
Emily,Wells
Christopher,Sylvester
Leo,Pierce
Robert,Battles
Anthony,Huntley
Gertrude,Peyton
Jose,Rowan
Harry,Erhardt
Stuart,Koch
Jose,Campbell
Sophia,Brown
Amy,Grooms
Wanda,Carpenter
Karen,Dalton
Velma,Jenkins
Argentina,Williams
David,Martin
Chloe,Chapman
Ferne,Harris
Eddie,Leverette
Michael,Hanes
Johnnie,Halloran
Karin,Lizotte
Leticia,Fagin
Eugene,Landry
Michael,Cox
Douglas,Hanson
Scott,Monroe
Margaret,Billings
Mary,Garner
Billie,Johnson
Vivian,Lawrence
Frances,Ambrose
Michelle,Morales
Martha,Roberts
Elizabeth,White
Laura,Paez
Kathleen,Spangler
Carlos,Abbott
Lori,Carter
Margaret,Young
Sammie,Jacobsen
Candice,Tessier
Joyce,Toll
Linda,Riehle
Timothy,McCafferty
Keith,Hollenbeck
Helen,Garrison
John,Murillo
Steven,Holt
Arlene,Porter
Sandra,Holden
Steven,Rucks
Vannessa,Brown
Herbert,Bayless
Brian,Bishop
Diane,Bretz
Jorge,Davidson
Irwin,Stevenson
Krysten,Tillman
Donald,Peacock
Margie,Matherne
Frank,Hernandez
John,Francis
Lyle,Harrell
Stephanie,Sanders
Kristin,Nielsen
Toni,Blum
Carrol,Greer
Aimee,Marshall
Mary,Dutton
Gwen,Perez
Hugh,Bean
Timothy,Smith
Alan,Rivas
Kimberly,Stephens
Andrew,Edward
Marsha,Pendleton
Rachel,Barnes
Jenny,Halligan
Rebecca,Alexander
Dennis,Phillips
Clarence,Kent
Ralph,Hoover
Janice,Madison
Ed,Welty
Maria,Salazar
Maurice,Rogers
Charlie,Ewing
Amanda,Bradley
Virginia,Hacker
Rebecka,Turner
Patrick,Cotton
James,Blackburn
Donald,Hill
John,Dundas
Abraham,Pitman
Kevin,Garrett
Jason,McKissick
Shari,Ortega
Gary,Moseley
Catherine,Yoder
Myra,Gillespie
Mamie,Walker
Melissa,Judd
Sharon,Long
Debbie,Wilson
Anthony,Moyer
Traci,Tatro
Lisa,Bryer
Jonathan,Kenna
Homer,Rider
Jackeline,Polley
Florence,Copeland
Alex,Snow
Deborah,Plotkin
Ann,Turley
Lynn,Chute
Henry,Hill
Timothy,Sands
Kimberly,Tuohy
Douglas,Batey
Joe,Jenkins
Rose,Caba
Ian,Hall
Lindsay,Hall
Jaclyn,Bright
Richard,Maclennan
Mercedes,Suda
Nancy,Greco
Linda,Benitez
John,Vaughan
Kenneth,Jensen
Victor,Moore
Angie,Tomlinson
William,Trombley
Magdalena,Mireles
Rosa,Ireland
Max,Warner
Harry,Chandler
Bertha,Rumfelt
Amy,Hague
Agnes,Love
Terry,Collins
Bonnie,Farmer
David,Peacock
Carrie,Banks
Richard,Ross
Janice,Middleton
Paul,Reece
William,Booth
Jose,Larry
Donna,Kincaid
Sun,Shelley
James,Breit
Gabriel,Worrell
Richard,Moore
William,Votaw
Lois,Rice
Margaret,Randolph
Demetrius,Kelly
Portia,Jackson
Mary,Hershey
Ivan,Joyner
Jose,Reed
Mary,Clark
Emery,Bishop
Keith,Gomez
Tabatha,Hough
Howard,Fortunato
Dorothy,Adkins
Joseph,Echols
Jeremy,Perkins
Kim,Padilla
Lisa,Gibson
Aurelio,Carrillo
Delores,Smith
Freddie,McLaughlin
Mark,Kent
Keith,Campbell
Louis,Innocent
Janice,McCullough
Richard,Edwards
Richard,Stiller
James,Richburg
Jason,Schneider
Elaine,Hogan
Agatha,Fritz
Frederic,Maggio
Gregory,Martin
Berniece,Allen
Evelyn,Abbas
Albert,Pollock
Shelia,Rife
Diane,Gendron
Ivy,Smith
Antonio,Humphries
Aja,Do
Michael,O'Connor
Marcie,Brewer
Erin,Loman
Charlene,Daulton
Neil,Shaw
Patricia,Riggs
Anna,Wilson
Shelly,Cook
Lavonne,McGurk
Fred,Sutton
Wendy,Bell
John,Montoya
Joyce,Dahlberg
William,Handy
Dianne,Miller
Chris,Ortiz
Howard,Swartz
Jane,Massey
Irene,Adkins
Thomas,Butler
Rocky,Gaines
Jane,Bishop
Amber,Kirkpatrick
Shirley,Ho
Diana,Mejia
Marisa,Konopka
Patrice,Duppstadt
Monique,Jones
Jerry,Lawrence
Sandra,Sparks
Stanley,Robertson
Jacob,Adams
Christine,Cain
Susan,Palma
Mike,Elliott
Barbara,Roddy
Mable,Walsh
Verda,Hudson
Nancy,Lanford
Franklin,Gardner
John,Meeker
Earl,Taylor
Odette,Lopez
Anna,Thomas
Desiree,Marino
Julia,Horton
Jodi,Graves
Beverly,Cumming
Leslie,Hatfield
Cheryl,Whitfield
Elizabeth,Thomas
Carlos,Wimberly
Kevin,Tanaka
Lee,McCoy
Samuel,Porter
Becky,Gonzalez
Robert,Ernst
Kenneth,Roberts
Morris,Williams
Emily,Ayers
Kimberly,Deaton
Timothy,Orozco
Joseph,Benavides
Nathan,Jones
Jamie,Fluellen
Beatrice,Noonan
Paula,Graham
Marian,Hanson
Billy,Woodcock
Sean,Rich
Micki,Cook
Harold,Pelletier
Fred,Hooks
Lee,Kanagy
Kathryn,Lavallee
Stephen,Spencer
James,Thomasson
Phillip,Montgomery
Shawn,Atherton
Thelma,White
Zachary,Six
Cathy,Hall
Mike,Lynch
Eddie,Santiago
Barbara,Campbell
John,Almonte
Jason,Coffman
William,Aycock
Frances,Brown
Ronald,Bailey
Katy,Harvey
Brandon,Davis
Norma,Walston
Leah,Begay
James,Oxendine
Patricia,Cordero
John,Natali
Kimberly,Hampton
William,Chapman
Susan,Reyna
Roderick,Ledoux
Betty,Weiland
Efren,Thompson
Orlando,Rodarte
Maurice,Brookins
Laquita,Richardson
Carl,Ramirez
Pamela,Berryhill
Dawn,Fanning
Lori,Triplett
Kristen,Muirhead
Howard,Pettigrew
Charles,Keeler
Jewel,McClain
Charlotte,Miller
Chris,Winston
Teresa,Beckwith
Leroy,Roscoe
Renee,Turner
Dean,Woods
Todd,Shelton
Jonathan,Juan
Lauran,Roberts
Jonathan,Reed
Bert,Brooking
Kim,Raymond
Adam,Shackelford
John,Baker
Carol,Dunaway
Chad,Austin
Sheila,Ramirez
Ernest,Dyer
Noel,Withers
Patricia,Reese
Mitchell,Richardson
Bradley,Jackson
Sylvia,Davis
Nellie,Spencer
Rickey,Hernandez
Pearl,Bronstein
Tona,Hunt
Gwen,Fraser
Jeremy,Moore
Rex,Hunter
Beulah,Holmes
Michael,Cope
Bettye,Haubert
Leonardo,Petrovich
Arthur,Hunt
James,Council
Joshua,Saddler
Lois,Cox
Margaret,Dale
Dorothy,Davis
Shelia,Clay
Sam,Sewell
Carolyn,Wilson
Isabel,Rodriguez
Mary,Hicks
Matthew,Mason
Tom,Antonio
George,Baggett
Leana,Clark
Kimberly,Stanton
Bob,White
Kelly,Lucas
Michael,Ramirez
Carol,Ray
Mitchell,Canty
Maggie,Ruby
Joyce,Thorne
Sarah,Crane
Cynthia,Osby
Allan,Benninger
Margaret,Campbell
Deann,Morgan
William,Martinez
Toby,Cooley
Carmen,Moody
Millie,Zinn
April,Connolly
Daniel,McCullough
Leslie,Adams
Thomas,Perez
Keith,Huntley
Floyd,Reeser
James,Allen
Mona,Johnson
Michael,Ridgeway
Vernon,Clark
Gary,Dean
Mary,Hale
Michael,Coleman
Cathryn,Freda
Gene,Terry
David,Li
Tara,Butler
Ira,Brothers
Larry,Patterson
Judith,Johnson
Steven,Quinn
John,Roy
Laura,Johnson
James,Begay
Ruthie,Tucker
Evelyn,Bennett
Rita,Younger
Kristy,Levy
Dean,Nelson
Don,Kline
Waldo,Chalmers
Clara,Brand
Matthew,Woods
Sheila,Finney
James,Nelson
Joshua,Vandyne
Jenna,Boren
Steve,Weatherholt
Sergio,Lang
William,Moreno
William,Blansett
Raymond,Giordano
Jamie,McCallister
Karen,Burch
Mary,Mendenhall
Caroline,Rodriguez
Kathrine,Ramirez
Delbert,Coats
Karla,Smith
Emily,Monsour
Mary,McClendon
Jennifer,Binder
Timothy,Ghent
Sherie,Wooten
Mary,Oakley
Jackson,James
Eugene,Taylor
David,Vaughan
Robert,Hayes
Eileen,Ward
Gloria,Meyers
Vera,Baker
Alice,Copley
Linda,Deweese
Jean,Kohr
Mason,Alderman
Ronald,Harris
Caroline,Smith
Walter,Martinez
Delia,Perkins
Mary,Golden
Bryan,Bowles
Daniel,Harris
Teresa,Cook
Latoya,Lent
Sharon,Wray
Stephanie,Goodnight
Vanessa,Townes
Kathy,Salinas
Christopher,Corbin
Elizabeth,Struble
Donna,Robertson
Mary,Elmore
Jimmy,Hammond
Vilma,Davis
Jennifer,Mayfield
Melissa,Miller
Carmen,Anderson
Patrick,Grey
Angela,Yeldell
Lelia,Petty
Lindsay,Monroe
Brian,Gross
Kathleen,Mitten
Allen,Robinson
Edith,Gonzalez
Brian,Gatlin
Charlene,Mullins
Richard,Parsons
Dorothy,Dilworth
Dorothy,Delatorre
Robert,Bodkin
James,Yancey
Chi,Love
Torie,Collins
Diane,Rawlings
William,Kang
Henry,Love
George,Hayes
Barbara,Campbell
Judith,Daniels
Victoria,Sinnott
Kerry,Rodriguez
Larry,Salinas
Irene,Hanson
Daniel,Restivo
Toni,Simons
Janet,Chess
Scott,Alleman
Shannon,Church
Andre,Smith
Melissa,Lewis
Crystal,Head
Mindy,Morgan
Sheila,Cummings
Alicia,Cole
Daniel,Walton
Douglas,Probst
Crystal,Lacroix
George,Riley
Bette,Mitchell
Essie,Rodriguez
Crystal,Workman
Faye,Johnstone
Jeanette,Lavin
Nicole,Sewell
Lawrence,Stephens
John,Arrington
Stanley,Walton
Rickey,Valero
Lino,Rosinski
Sam,Jordan
Doris,Hall
Lucy,Foley
Helen,Gibson
Matthew,Vazquez
Sarah,Royer
Burton,Finley
Annie,Williams
Martha,Kohr
Charles,Stennis
Timothy,Lamphere
Robert,Millan
Jeannette,Gomez
Cecelia,Pino
Loretta,Hernandez
Marilyn,Eley
Evan,Cannaday
Helen,Coats
Lupe,Grogan
Ralph,Holloway
Debbie,Simpson
John,Kizer
David,Blanton
John,Clark
William,Peterson
Charles,Justice
Bobby,Clifton
Rodolfo,Lessman
Maria,Harris
Timothy,Buckner
Robert,Blais
Glenda,Brown
Rufus,Wellman
Kelley,Alexander
Margaret,Bulter
Fae,Shoults
Justin,Everett
Rodney,Wright
Charla,Huffman
Lydia,Ponce
Daniel,Blanco
Charlotte,Todd
Evonne,Quiros
Drew,Jackson
Linda,Mann
Trent,Madison
Rebecca,Dodd
Juan,Reilly
Steven,Webber
Kimberly,Waller
Eddie,McDonald
David,Gibson
Joseph,Garza
Kimberly,Berry
Michael,Andersen
Kathrine,Greer
Claretha,Anders
Joshua,Urquhart
Jesse,Padilla
Dorothy,Johnson
Ann,Campbell
Frances,Neill
John,Oliver
Leonard,Slade
Jame,Garofalo
Celia,Floyd
Faye,Roberge
Bianca,Root
Matthew,Holland
Susan,Lomeli
James,Stromain
Marjorie,McNeal
Nellie,Jones
Marie,Saucedo
Warren,Burch
Richard,Young
Heather,Downs
Hong,Thompson
Daisy,King
Louis,Valdez
Joseph,Wheeler
Loren,Ngo
Pricilla,Strausbaugh
James,Rainey
Alice,Grayson
Fred,Kenney
April,Glass
Emily,Holstein
Patricia,Stephenson
Andrew,Choquette
Margaret,Conboy
Anisa,Durrett
Angela,Connors
Epifania,Rodriguez
Brian,Bush
Carl,Blankenship
Michael,Calderon
Delores,Young
Paula,Steen
Jeremy,Cardona
Pedro,Matthews
Dennis,Sexton
Gregory,Mitchell
Paul,Hodges
Scottie,Cartagena
Fred,Torres
Aaron,Brooks
Angel,Duerr
Samantha,Parvin
Walter,Gonzales
Earlene,Welch
Buddy,Riggs
Shirley,Suarez
Leona,Birch
Allyn,Gregory
Kristine,Presley
Joaquin,Gerald
Marjorie,Marcotte
Linda,Shockley
Peggy,Baine
Hildegard,Sand
Helen,Coy
Robert,Clayton
Vincent,Sharkey
Wanda,Stanton
Arthur,Kirkman
Dominique,Gillan
Brittany,Armstrong
Timothy,Peck
Annie,McLellan
Walter,Thompson
David,Randall
Charles,Walsh
James,Buchanan
George,Mathis
Annette,Pogue
Shannon,Lovett
Robin,Williams
Daniel,Fair
Lisa,Williamson
Michael,Wilhite
Mary,Wolff
Bianca,Janes
Roland,Kelly
Elizabeth,Hull
James,Haywood
Maxine,Gordon
Tyrone,Davis
Mitchell,Walton
Sheila,Moon
Thelma,Young
James,Cullen
Nathan,Knight
Kristin,Lowe
Timothy,Cohen
Robert,Jacobs
Judith,Henson
Clifford,Jones
Jean,Jenkins
Anne,Thompson
Carl,Bryant
Daniel,Law
Eli,Rogers
Melissa,Hernandez
Robert,Andersen
Arthur,Mason
Daryl,Hiatt
Cynthia,Quinones
David,Miller
Martin,Nelson
David,Eilerman
Rebecca,Smith
Lucille,Cruz
William,Stephen
James,Jensen
Charlotte,Drury
Elyse,Barron
Allen,Wiggins
Barbara,Ta
Robert,Fitzgibbon
Jeanne,Line
Natasha,Vasquez
Sara,Smith
Patsy,Green
Thomas,Ferguson
Alexander,Street
Ryan,Coleman
Jessica,Oliveira
Elwood,Labarre
Zachary,Markus
Anthony,Herrin
Jerald,Martin
Loren,Walters
Shirley,Johnson
Corinne,Kirby
Cindy,Harrison
Victor,Garrett
Pilar,Story
Sheila,Furtado
Ronald,Reece
Diane,Genao
Jean,Campbell
Bea,Walker
Paul,Reinhart
Edith,Echols
Samuel,Walker
Richard,Rodriguez
Alison,Paul
Linda,Berry
Tony,Lord
Tommy,Darling
Larry,Leak
Maria,Kapoor
Paul,Cordeiro
Delbert,Jock
Dusty,Saephan
Diane,Dixon
Roberto,Buckingham
Helen,Whalen
Maria,Johnson
Blanca,Settle
Brenda,Conklin
Barbara,McCoy
Tanya,Henderson
Brian,Roe
Steven,Ontiveros
Naomi,Gatlin
Sheena,Collins
Moises,Bailey
Robert,Franklin
William,Delapena
John,Vivier
Gloria,Horton
Patrick,Vega
Norman,Jetton
Eve,Clemmer
Henry,Flores
Phyllis,Holmes
Roland,Scriber
Melanie,Summers
Geraldine,Cole
Chad,Williams
Mark,Jones
Robert,Sims
Deborah,Job
Lynelle,Moss
Sandy,Sanders
Ashley,Campbell
Terrence,Nelson
Hector,Vickery
Thomas,Talbert
Michael,Lutz
James,Dixon
Jane,Stiles
Lawrence,Waggoner
John,Carter
Diana,Eisenman
Daniel,Taylor
Silvia,Cunningham
Richard,Brown
Billy,Serna
Larry,Murphy
Ronald,Mullen
Lena,Cummings
Felix,Marchan
Stephanie,Lockhart
Warren,Lee
James,Wagner
Jeanette,Alexander
Frank,Estrada
Felipe,Martinez
Linda,Teal
Kira,Roper
Wade,Owensby
James,Gruver
Johnny,Cooper
Jessie,Dempsey
Robert,Ramirez
Charles,Everett
Debbie,Thompson
Philip,Mitchell
Roberta,Perry
Brandon,McCain
William,Augustine
Juan,Buenrostro
Anthony,Mellen
Peter,Brummett
Anibal,Evatt
Timothy,Hicks
Melanie,Hunt
Andrea,Lewis
Mary,Coyle
Juanita,Newton
Jennifer,Wright
John,Mejia
Jose,Cheatham
Joseph,Williams
Sandra,Perry
Raphael,Ellis
Darlene,Rollins
Michael,Sullivan
Thomas,Davis
Lina,Mitchell
Alishia,Rufus
Tina,Holt
Elisa,Montgomery
Kelly,Dutil
Frankie,Romano
Carol,Ward
Drew,Burt
Janice,Fields
Elizabeth,Niven
Linda,Bennett
Scott,Tindall
Jimmy,Larsen
Catherine,Mackenzie
Earlene,Pittman
Patricia,Reynolds
Ruby,Lee
Gerardo,Alejo
Ismael,Donnelly
David,Wallace
Darlene,Shaw
Justin,Stamm
Mark,Blackburn
Claudia,Retzlaff
Dorothy,Parker
Charles,Wyatt
Yolanda,Tschida
Craig,Shaw
Fern,Lopez
Reina,Schultz
Gary,Jessie
Deanna,Graham
Jessica,Engel
Mickie,Frost
Richard,Madrid
Alanna,Pina
Aaron,Strickland
William,Smith
Michael,Liberty
Susan,Chacon
Joy,Gonzales
Kimberly,Burkett
Chrissy,Champlin
Robert,Smart
Thelma,Seymour
Robbin,Cruz
Mary,Vela
Andrew,Terwilliger
Jose,Parks
Steven,Erickson
Hallie,Burdick
Raina,Aguilar
Danny,Mercer
Cedric,Seeger
Jeffrey,Ferrel
Robert,Hardy
Pamela,Barta
Heidi,Combs
Kim,Davis
Billy,Seifert
Kristin,Newman
Barbara,Pulido
Fern,Pierre
Francis,Lerma
Kim,Wilcox
Patsy,Jennings
Kimberly,Donaldson
Mary,McMichael
Connie,Martin
Jeffrey,Sutton
Belinda,McDermott
Bridgett,Hill
Arlene,Wells
Erma,Harris
Linda,Wells
Isaac,Meadows
Delores,Poling
Scott,Nichols
Kevin,Jordon
Cynthia,Boshears
Barbara,Santana
Jonathan,Larson
Juan,Brown
Sharon,Heard
Karen,Kuhlmann
Sandra,Holcomb
Christie,Lassiter
Manuel,Morrissey
Thomas,Finley
Hubert,Haywood
Deborah,Nelson
Helen,Quinney
Eunice,Bettencourt
Erica,Kraft
Dennis,Beekman
Steven,Baumgarten
Milton,Cates
Angel,Rathbone
Hazel,Matthews
Pamela,Bryant
Jodi,Miller
Brittany,Carter
Willie,Eversole
Ingrid,Moore
Michael,Hubbard
Cherie,Joseph
Ruby,Gray
Cheryl,Briggs
Angela,Williamson
Mazie,Thomas
Abdul,Caruso
Gary,McBride
Charles,Henry
Robyn,Silvestre
Janice,Lucas
Shawn,Greene
Kristin,Sato
Cynthia,Glover
Beth,Bradley
Lester,Staley
Dale,Harris
Wayne,Long
William,Pollock
Woodrow,Mitchell
Lena,Sedlak
Dora,Geoghegan
Mary,Dwight
Eric,Whittington
Larry,Foster
James,Sloane
Daryl,Pearson
Earl,Humphrey
John,Chavez
Amy,Brewster
Angelina,Burke
Joan,Blount
Mark,McClelland
Charles,Bright
Jason,Werth
James,Taylor
Bertha,Distefano
Edward,Gray
Victor,Rule
Tiffany,Hill
Erin,Lewis
James,Simpson
Ross,Gomez
Dale,Cone
Roger,Banks
James,Smith
George,Bellamy
Marilyn,Skinner
James,Vandiver
Michael,Trantham
Bruce,Hudson
Nancy,Strickland
Harlan,Dudley
Jamie,Ebert
Alexandria,Bane
Edith,Kenna
Kathryn,Arnold
Carl,Cook
Douglas,Reid
Audrey,Lemon
Cheryl,Adan
Sheldon,Peters
Nancy,Downs
Margie,Marti
Keith,Eddy
Cheryl,Miller
John,Kanagy
Carole,Gilchrist
Jessica,Robertson
Katherine,Orr
Larry,Graff
Carl,Dunnigan
David,Hahn
Kevin,Boyd
Melanie,McCall
Betty,Foley
Katherine,Bell
Kenneth,Gill
Brian,Royster
Joseph,Lara
John,Sturgill
Kendra,Pollock
Colleen,Montgomery
Paul,Stackhouse
Tarsha,Gonzalez
Nancy,Rosario
Kyle,Williams
Marcus,Sherwood
Lionel,Voelker
Lora,Masters
Barry,Riffle
Johnathon,Wallace
Robert,Smith
Sherry,Huber
Gary,Pleasant
Patrick,Gaitan
Mary,Muniz
Joe,McKee
Jerry,Mena
Mary,Wing
Faye,Klink
Douglas,Mattson
Michael,Nolen
Charles,Pierce
Heidi,Crider
Ernest,Gadson
Alyssa,Brecht
Frank,Simmons
Russell,Lee
Nina,Alvarez
Robert,Thomas
Andrea,McCann
Thomas,Garcia
Andra,Dickinson
Jeffrey,Russell
Ramon,King
Mark,Wiley
Stephen,Hailey
Lisa,Jacques
Kevin,Turner
Alice,Diaz
Ann,Reynolds
Daniele,Enders
Curtis,Neal
Roger,Morin
Thomas,Anderson
Joann,Cordes
Roseann,Patterson
Robert,Lynn
Larry,Gomez
Mary,Lang
Amanda,Deal
Estelle,Kearney
Ralph,Isaacs
George,Moon
Avery,Gordon
Jason,Davis
Randy,Solis
Joanne,Range
Bobbie,Dodson
Paul,Lam
Ann,Wyatt
Mark,Wilfong
Joseph,Rochelle
Tonia,Parker
Thelma,Chong
Gwendolyn,McKinney
Ashley,Ferguson
Franklin,Betances
Robert,Reddington
Tim,Reagan
Lillie,Andersen
Helen,Thorne
Lila,Payne
Sandra,Morgan
Doris,Otto
Emanuel,Byrne
Theodora,Garcia
Leon,Solari
Donna,Sanchez
Ruben,Hill
Sarah,Knaus
Tony,Gonzalez
Philip,Howland
Tawana,Lee
Gisela,Nolan
Donald,Carter
Christine,Jensen
Sonja,Carrera
Gary,Abrams
Charlie,Wong
Julie,Buckner
Angela,Willis
Devin,Thomas
Manuel,Aguirre
Shawn,Xiong
Jan,Murray
Suzanne,Hughes
Sean,McCrary
Michael,Delacruz
Tyler,Andrews
Theodore,Perry
Joyce,Brown
James,Mowry
Matha,Smith
Lesley,Brown
Antonio,Weber
Martin,Rose
Stanley,Chitty
Natosha,Fields
Angela,Nicholls
Renita,Frazier
John,Ramirez
Debra,Arriaga
Karen,Smith
Cecil,Burd
Mildred,Yoder
Regina,Walters
Deborah,Potter
Jennifer,Gunter
Doris,Dubois
William,Mitchell
Ernest,Grasser
Elizabeth,Vasquez
Mary,Wesson
Barbara,Malcom
Leslie,Hill
Gracie,Pascoe
Richard,Lewis
